{
  "project_info": {
    "project_number": "601335411055",
    "project_id": "one-roof-5a639",
    "storage_bucket": "one-roof-5a639.appspot.com"
  },
  "client": [
    {
      "client_info": {
        "mobilesdk_app_id": "1:601335411055:android:b6cedcaf4078474421f89a",
        "android_client_info": {
          "package_name": "com.arraypointer.one_roof"
        }
      },
      "oauth_client": [
        {
          "client_id": "601335411055-v0bpfa6r4bd6jq068jgmki3iejtjg1ed.apps.googleusercontent.com",
          "client_type": 1,
          "android_info": {
            "package_name": "com.arraypointer.one_roof",
            "certificate_hash": "0f361dcc60896fbc38abec6eb1e1d99e5641a710"
          }
        },
        {
          "client_id": "601335411055-poiuhorocjpe34ubuafp9ub9ntl27eko.apps.googleusercontent.com",
          "client_type": 3
        }
      ],
      "api_key": [
        {
          "current_key": "AIzaSyC45bDII7Cuyni-mZZ6TtG4zWJG0O2ngSY"
        }
      ],
      "services": {
        "appinvite_service": {
          "other_platform_oauth_client": [
            {
              "client_id": "601335411055-poiuhorocjpe34ubuafp9ub9ntl27eko.apps.googleusercontent.com",
              "client_type": 3
            }
          ]
        }
      }
    }
  ],
  "configuration_version": "1"
}